field_name,layer,producer,source_log,type,unit,meaning_claimed,valid_when,missing_representation,forwarded_to,evidence,status,open_question
lat,UM982,Rover NMEA_Parser,GGA,double,độ,Vĩ độ chuyển từ latStr và latDir,Ít nhất 14 dấu phẩy; lat/lon/geoid không rỗng; UTC parse được,Không cập nhật nếu parse thất bại,Rover snapshot; ECEF suy ra → ESP-NOW,esp32-um982-lora/src/functions/NMEA_Parser.cpp:56,unknown,Chưa có log A2 để xác nhận thực tế; unknown không có nghĩa là thiếu triển khai.
lon,UM982,Rover NMEA_Parser,GGA,double,độ,Kinh độ chuyển từ lonStr và lonDir,Ít nhất 14 dấu phẩy; lat/lon/geoid không rỗng; UTC parse được,Không cập nhật nếu parse thất bại,Rover snapshot; ECEF suy ra → ESP-NOW,esp32-um982-lora/src/functions/NMEA_Parser.cpp:57,unknown,Chưa có log A2 để xác nhận thực tế; unknown không có nghĩa là thiếu triển khai.
height_m,UM982,Rover NMEA_Parser,GGA,double,m,heightStr của GGA; dùng cộng geoid_separation_m,Ít nhất 14 dấu phẩy; lat/lon/geoid không rỗng; UTC parse được,Không kiểm tra chuỗi cao rỗng trước toDouble(),Rover snapshot; ECEF suy ra → ESP-NOW,esp32-um982-lora/src/functions/NMEA_Parser.cpp:58,unknown,Receiver/anten quy chiếu ARP hay điểm khác? Chưa có log A2 để xác nhận thực tế; unknown không có nghĩa là thiếu triển khai.
geoid_separation_m,UM982,Rover NMEA_Parser,GGA,double,m,Giá trị geoidSeparationStr từ GGA,Ít nhất 14 dấu phẩy; lat/lon/geoid không rỗng; UTC parse được,Chuỗi rỗng làm parse thất bại,Rover snapshot; ECEF suy ra → ESP-NOW,esp32-um982-lora/src/functions/NMEA_Parser.cpp:59,unknown,Receiver/anten quy chiếu ARP hay điểm khác? Chưa có log A2 để xác nhận thực tế; unknown không có nghĩa là thiếu triển khai.
gnss_time_ms_of_day,UM982,Rover NMEA_Parser,GGA,uint32_t,ms trong ngày,UTC GGA được parse thành mili giây trong ngày; không có ngày,Ít nhất 14 dấu phẩy; lat/lon/geoid không rỗng; UTC parse được,Parse UTC thất bại thì bỏ mẫu,Rover snapshot; ECEF suy ra → ESP-NOW,esp32-um982-lora/src/functions/NMEA_Parser.cpp:60,unknown,Ngày UTC của phiên đo lấy từ đâu? Chưa có log A2 để xác nhận thực tế; unknown không có nghĩa là thiếu triển khai.
fix_quality,UM982,Rover NMEA_Parser,GGA,String,mã GGA,Giữ rtkStr; snapshot chuyển sang uint8_t,Ít nhất 14 dấu phẩy; lat/lon/geoid không rỗng; UTC parse được,Chuỗi rỗng không bị kiểm tra riêng,Rover snapshot; ECEF suy ra → ESP-NOW,esp32-um982-lora/src/functions/NMEA_Parser.cpp:61,unknown,Chưa có log A2 để xác nhận thực tế; unknown không có nghĩa là thiếu triển khai.
satellites,UM982,Rover NMEA_Parser,GGA,String,vệ tinh,Giữ satStr; snapshot chuyển sang uint8_t,Ít nhất 14 dấu phẩy; lat/lon/geoid không rỗng; UTC parse được,Chuỗi rỗng không bị kiểm tra riêng,Debug snapshot/JSON GGA; không có trong ESP-NOW ECEF,esp32-um982-lora/src/functions/NMEA_Parser.cpp:62,unknown,Chưa có log A2 để xác nhận thực tế; unknown không có nghĩa là thiếu triển khai.
ellipsoidHeightM,UM982,Rover helper,GGA height_m + geoid_separation_m,double,m,Tổng hai giá trị cao trong GGA theo code,parseGGA và geodeticToEcefScaled thành công,Không cập nhật snapshot khi lỗi,geodeticToEcefScaled; debug,esp32-um982-lora/src/helper.cpp:66; esp32-um982-lora/src/helper.cpp:83,unknown,Chưa xác minh mô hình geoid và điểm quy chiếu receiver. Chưa có log A2 để xác nhận thực tế; unknown không có nghĩa là thiếu triển khai.
sequence,ESP-NOW,Rover espnowTrySendRoverEcefStatus,Rover GGA snapshot,uint32_t,số thứ tự,Số thứ tự packet Rover,Đúng header/kích thước; thời gian <86400000; ECEF qua validator; fix <=8,Packet cố định; không null,Relay hoặc Base snapshot,esp32-um982-lora-base/include/RtcmEspNowProtocol.h:81; esp32-um982-lora/src/hardware/Espnow_handler.cpp:911,unknown,Chưa có log A2 để xác nhận thực tế; unknown không có nghĩa là thiếu triển khai.
sequence,Relay,Relay_handler,childPacket,uint32_t,số thứ tự,Sao chép nguyên giá trị từ packet Rover,Có Base MAC; packet forwarded qua validator,Không gửi nếu thiếu Base hoặc validator lỗi,Base snapshot,esp32-um982-lora/src/hardware/Relay_handler.cpp:1056,unknown,Cần log direct/relay đối chiếu cùng mẫu. Chưa có log A2 để xác nhận thực tế; unknown không có nghĩa là thiếu triển khai.
gnssTimeMsOfDay,ESP-NOW,Rover espnowTrySendRoverEcefStatus,Rover GGA snapshot,uint32_t,ms trong ngày,Thời gian GGA của Rover,Đúng header/kích thước; thời gian <86400000; ECEF qua validator; fix <=8,Packet cố định; không null,Relay hoặc Base snapshot,esp32-um982-lora-base/include/RtcmEspNowProtocol.h:82; esp32-um982-lora/src/hardware/Espnow_handler.cpp:911,unknown,Chưa có log A2 để xác nhận thực tế; unknown không có nghĩa là thiếu triển khai.
gnssTimeMsOfDay,Relay,Relay_handler,childPacket,uint32_t,ms trong ngày,Sao chép nguyên giá trị từ packet Rover,Có Base MAC; packet forwarded qua validator,Không gửi nếu thiếu Base hoặc validator lỗi,Base snapshot,esp32-um982-lora/src/hardware/Relay_handler.cpp:1058,unknown,Cần log direct/relay đối chiếu cùng mẫu. Chưa có log A2 để xác nhận thực tế; unknown không có nghĩa là thiếu triển khai.
correctionStreamId,ESP-NOW,Rover espnowTrySendRoverEcefStatus,Rover GGA snapshot,uint16_t,ID,Stream correction trong packet; không phải epoch nguồn của Base,Đúng header/kích thước; thời gian <86400000; ECEF qua validator; fix <=8,Packet cố định; không null,Relay hoặc Base snapshot,esp32-um982-lora-base/include/RtcmEspNowProtocol.h:83; esp32-um982-lora/src/hardware/Espnow_handler.cpp:911,unknown,Chưa có log A2 để xác nhận thực tế; unknown không có nghĩa là thiếu triển khai.
correctionStreamId,Relay,Relay_handler,childPacket,uint16_t,ID,Sao chép nguyên giá trị từ packet Rover,Có Base MAC; packet forwarded qua validator,Không gửi nếu thiếu Base hoặc validator lỗi,Base snapshot,esp32-um982-lora/src/hardware/Relay_handler.cpp:1059,unknown,Cần log direct/relay đối chiếu cùng mẫu. Chưa có log A2 để xác nhận thực tế; unknown không có nghĩa là thiếu triển khai.
fixQuality,ESP-NOW,Rover espnowTrySendRoverEcefStatus,Rover GGA snapshot,uint8_t,mã GGA,Chất lượng fix; validator chấp nhận 0..8,Đúng header/kích thước; thời gian <86400000; ECEF qua validator; fix <=8,Packet cố định; không null,Relay hoặc Base snapshot,esp32-um982-lora-base/include/RtcmEspNowProtocol.h:84; esp32-um982-lora/src/hardware/Espnow_handler.cpp:911,unknown,Chưa có log A2 để xác nhận thực tế; unknown không có nghĩa là thiếu triển khai.
fixQuality,Relay,Relay_handler,childPacket,uint8_t,mã GGA,Sao chép nguyên giá trị từ packet Rover,Có Base MAC; packet forwarded qua validator,Không gửi nếu thiếu Base hoặc validator lỗi,Base snapshot,esp32-um982-lora/src/hardware/Relay_handler.cpp:1063,unknown,Cần log direct/relay đối chiếu cùng mẫu. Chưa có log A2 để xác nhận thực tế; unknown không có nghĩa là thiếu triển khai.
ecefXScaled,ESP-NOW,Rover espnowTrySendRoverEcefStatus,Rover GGA snapshot,int64_t,0.0001 m,ECEF X suy ra từ GGA,Đúng header/kích thước; thời gian <86400000; ECEF qua validator; fix <=8,Packet cố định; không null,Relay hoặc Base snapshot,esp32-um982-lora-base/include/RtcmEspNowProtocol.h:86; esp32-um982-lora/src/hardware/Espnow_handler.cpp:911,unknown,ECEF này được firmware tính từ GGA; điểm vật lý của nghiệm chưa xác minh. Chưa có log A2 để xác nhận thực tế; unknown không có nghĩa là thiếu triển khai.
ecefXScaled,Relay,Relay_handler,childPacket,int64_t,0.0001 m,Sao chép nguyên giá trị từ packet Rover,Có Base MAC; packet forwarded qua validator,Không gửi nếu thiếu Base hoặc validator lỗi,Base snapshot,esp32-um982-lora/src/hardware/Relay_handler.cpp:1060,unknown,Cần log direct/relay đối chiếu cùng mẫu. Chưa có log A2 để xác nhận thực tế; unknown không có nghĩa là thiếu triển khai.
ecefYScaled,ESP-NOW,Rover espnowTrySendRoverEcefStatus,Rover GGA snapshot,int64_t,0.0001 m,ECEF Y suy ra từ GGA,Đúng header/kích thước; thời gian <86400000; ECEF qua validator; fix <=8,Packet cố định; không null,Relay hoặc Base snapshot,esp32-um982-lora-base/include/RtcmEspNowProtocol.h:87; esp32-um982-lora/src/hardware/Espnow_handler.cpp:911,unknown,ECEF này được firmware tính từ GGA; điểm vật lý của nghiệm chưa xác minh. Chưa có log A2 để xác nhận thực tế; unknown không có nghĩa là thiếu triển khai.
ecefYScaled,Relay,Relay_handler,childPacket,int64_t,0.0001 m,Sao chép nguyên giá trị từ packet Rover,Có Base MAC; packet forwarded qua validator,Không gửi nếu thiếu Base hoặc validator lỗi,Base snapshot,esp32-um982-lora/src/hardware/Relay_handler.cpp:1061,unknown,Cần log direct/relay đối chiếu cùng mẫu. Chưa có log A2 để xác nhận thực tế; unknown không có nghĩa là thiếu triển khai.
ecefZScaled,ESP-NOW,Rover espnowTrySendRoverEcefStatus,Rover GGA snapshot,int64_t,0.0001 m,ECEF Z suy ra từ GGA,Đúng header/kích thước; thời gian <86400000; ECEF qua validator; fix <=8,Packet cố định; không null,Relay hoặc Base snapshot,esp32-um982-lora-base/include/RtcmEspNowProtocol.h:88; esp32-um982-lora/src/hardware/Espnow_handler.cpp:911,unknown,ECEF này được firmware tính từ GGA; điểm vật lý của nghiệm chưa xác minh. Chưa có log A2 để xác nhận thực tế; unknown không có nghĩa là thiếu triển khai.
ecefZScaled,Relay,Relay_handler,childPacket,int64_t,0.0001 m,Sao chép nguyên giá trị từ packet Rover,Có Base MAC; packet forwarded qua validator,Không gửi nếu thiếu Base hoặc validator lỗi,Base snapshot,esp32-um982-lora/src/hardware/Relay_handler.cpp:1062,unknown,Cần log direct/relay đối chiếu cùng mẫu. Chưa có log A2 để xác nhận thực tế; unknown không có nghĩa là thiếu triển khai.
roverMac,Relay,Relay_handler,sourceChildMac,uint8_t[6],MAC,MAC Rover con được đặt trong gói relayed,Có child packet được chọn,Packet cố định,Base → rover_mac,esp32-um982-lora/src/hardware/Relay_handler.cpp:1057,unknown,Chưa có log A2 để xác nhận thực tế; unknown không có nghĩa là thiếu triển khai.
rtcmSourceEpoch,ESP-NOW,Base snapshot,Trạng thái Base và callback nhận,uint32_t,epoch,Gán source.epoch tại lúc Base nhận; không lấy từ packet Rover,Có ô snapshot cho Rover,Chưa có snapshot: valid=false,MQTT rtcm_source_epoch,esp32-um982-lora-base/src/hardware/BaseEspnow_sender.cpp:645,unknown,Cần log chuyển nguồn để kiểm tra packet cũ nhận sau đổi epoch. Chưa có log A2 để xác nhận thực tế; unknown không có nghĩa là thiếu triển khai.
receivedAtMs,ESP-NOW,Base snapshot,Trạng thái Base và callback nhận,uint32_t,ms uptime Base,millis() tại Base nhận,Có ô snapshot cho Rover,Chưa có snapshot: valid=false,MQTT source_age_ms,esp32-um982-lora-base/src/hardware/BaseEspnow_sender.cpp:646,unknown,Chưa có log A2 để xác nhận thực tế; unknown không có nghĩa là thiếu triển khai.
usesTempBase,ESP-NOW,Base snapshot,Trạng thái Base và callback nhận,bool,boolean,source.state == TempActive tại lúc nhận,Có ô snapshot cho Rover,Chưa có snapshot: valid=false,MQTT rtcm_source,esp32-um982-lora-base/src/hardware/BaseEspnow_sender.cpp:631,unknown,Chưa có log A2 để xác nhận thực tế; unknown không có nghĩa là thiếu triển khai.
rtcmSourceState,ESP-NOW,Base snapshot,Trạng thái Base và callback nhận,enum,trạng thái,Trạng thái nguồn Base tại lúc nhận,Có ô snapshot cho Rover,Chưa có snapshot: valid=false,Không xuất nguyên enum trong ECEF MQTT,esp32-um982-lora-base/src/hardware/BaseEspnow_sender.cpp:630,unknown,Chưa có log A2 để xác nhận thực tế; unknown không có nghĩa là thiếu triển khai.
hasSelectedTempBase,ESP-NOW,Base snapshot,Trạng thái Base và callback nhận,bool,boolean,Có MAC được chọn trong Preparing/Resetting/Active/Fallback,Có ô snapshot cho Rover,Chưa có snapshot: valid=false,Nội bộ Base,esp32-um982-lora-base/src/hardware/BaseEspnow_sender.cpp:632,unknown,Chưa có log A2 để xác nhận thực tế; unknown không có nghĩa là thiếu triển khai.
viaRelay,ESP-NOW,Base snapshot,Trạng thái Base và callback nhận,bool,boolean,Đường nhận gói qua Relay,Có ô snapshot cho Rover,Chưa có snapshot: valid=false,MQTT via_relay,esp32-um982-lora-base/src/hardware/BaseEspnow_sender.cpp:622,unknown,Chưa có log A2 để xác nhận thực tế; unknown không có nghĩa là thiếu triển khai.
relayMac,ESP-NOW,Base snapshot,Trạng thái Base và callback nhận,uint8_t[6],MAC,MAC Relay được lưu nếu qua Relay; ngược lại zero,Có ô snapshot cho Rover,Chưa có snapshot: valid=false,MQTT relay_mac,esp32-um982-lora-base/src/hardware/BaseEspnow_sender.cpp:618,unknown,Chưa có log A2 để xác nhận thực tế; unknown không có nghĩa là thiếu triển khai.
referenceXScaled,UM982,BaseGnssRoleController,RTCM1006,int64_t,0.0001 m,ECEF tham chiếu đọc từ RTCM1006 local,RTCM1006 dài >=27; ECEF qua validator,Khởi tạo 0; phải đọc kèm cờ valid,Tính correction delta; không xuất riêng ECEF MQTT,esp32-um982-lora-base/src/functions/BaseGnssRoleController.cpp:720,unknown,Điểm quy chiếu ECEF local Base và Rover chưa xác minh. Chưa có log A2 để xác nhận thực tế; unknown không có nghĩa là thiếu triển khai.
referenceYScaled,UM982,BaseGnssRoleController,RTCM1006,int64_t,0.0001 m,ECEF tham chiếu đọc từ RTCM1006 local,RTCM1006 dài >=27; ECEF qua validator,Khởi tạo 0; phải đọc kèm cờ valid,Tính correction delta; không xuất riêng ECEF MQTT,esp32-um982-lora-base/src/functions/BaseGnssRoleController.cpp:721,unknown,Điểm quy chiếu ECEF local Base và Rover chưa xác minh. Chưa có log A2 để xác nhận thực tế; unknown không có nghĩa là thiếu triển khai.
referenceZScaled,UM982,BaseGnssRoleController,RTCM1006,int64_t,0.0001 m,ECEF tham chiếu đọc từ RTCM1006 local,RTCM1006 dài >=27; ECEF qua validator,Khởi tạo 0; phải đọc kèm cờ valid,Tính correction delta; không xuất riêng ECEF MQTT,esp32-um982-lora-base/src/functions/BaseGnssRoleController.cpp:722,unknown,Điểm quy chiếu ECEF local Base và Rover chưa xác minh. Chưa có log A2 để xác nhận thực tế; unknown không có nghĩa là thiếu triển khai.
observedXScaled,UM982,BaseGnssRoleController,Local Base GNSS observation,int64_t,0.0001 m,ECEF quan sát local Base trong correction snapshot,Xem referenceValid; observationValid; correctionValid,Khởi tạo 0; phải đọc kèm cờ valid,Tính correction delta; không xuất riêng ECEF MQTT,esp32-um982-lora-base/src/functions/BaseGnssRoleController.cpp:535,unknown,Điểm quy chiếu ECEF local Base và Rover chưa xác minh. Chưa có log A2 để xác nhận thực tế; unknown không có nghĩa là thiếu triển khai.
observedYScaled,UM982,BaseGnssRoleController,Local Base GNSS observation,int64_t,0.0001 m,ECEF quan sát local Base trong correction snapshot,Xem referenceValid; observationValid; correctionValid,Khởi tạo 0; phải đọc kèm cờ valid,Tính correction delta; không xuất riêng ECEF MQTT,esp32-um982-lora-base/src/functions/BaseGnssRoleController.cpp:536,unknown,Điểm quy chiếu ECEF local Base và Rover chưa xác minh. Chưa có log A2 để xác nhận thực tế; unknown không có nghĩa là thiếu triển khai.
observedZScaled,UM982,BaseGnssRoleController,Local Base GNSS observation,int64_t,0.0001 m,ECEF quan sát local Base trong correction snapshot,Xem referenceValid; observationValid; correctionValid,Khởi tạo 0; phải đọc kèm cờ valid,Tính correction delta; không xuất riêng ECEF MQTT,esp32-um982-lora-base/src/functions/BaseGnssRoleController.cpp:537,unknown,Điểm quy chiếu ECEF local Base và Rover chưa xác minh. Chưa có log A2 để xác nhận thực tế; unknown không có nghĩa là thiếu triển khai.
deltaXScaled,UM982,BaseGnssRoleController,Local Base GNSS observation,int64_t,0.0001 m,reference - observed; chỉ cập nhật khi FIX/reference/ngưỡng hợp lệ,Xem referenceValid; observationValid; correctionValid,Khởi tạo 0; phải đọc kèm cờ valid,MQTT correction_ecef_m,esp32-um982-lora-base/src/functions/BaseGnssRoleController.cpp:558,unknown,Điểm quy chiếu ECEF local Base và Rover chưa xác minh. Chưa có log A2 để xác nhận thực tế; unknown không có nghĩa là thiếu triển khai.
deltaYScaled,UM982,BaseGnssRoleController,Local Base GNSS observation,int64_t,0.0001 m,reference - observed; chỉ cập nhật khi FIX/reference/ngưỡng hợp lệ,Xem referenceValid; observationValid; correctionValid,Khởi tạo 0; phải đọc kèm cờ valid,MQTT correction_ecef_m,esp32-um982-lora-base/src/functions/BaseGnssRoleController.cpp:559,unknown,Điểm quy chiếu ECEF local Base và Rover chưa xác minh. Chưa có log A2 để xác nhận thực tế; unknown không có nghĩa là thiếu triển khai.
deltaZScaled,UM982,BaseGnssRoleController,Local Base GNSS observation,int64_t,0.0001 m,reference - observed; chỉ cập nhật khi FIX/reference/ngưỡng hợp lệ,Xem referenceValid; observationValid; correctionValid,Khởi tạo 0; phải đọc kèm cờ valid,MQTT correction_ecef_m,esp32-um982-lora-base/src/functions/BaseGnssRoleController.cpp:560,unknown,Điểm quy chiếu ECEF local Base và Rover chưa xác minh. Chưa có log A2 để xác nhận thực tế; unknown không có nghĩa là thiếu triển khai.
referenceValid,UM982,BaseGnssRoleController,Correction snapshot,bool,cờ hoặc bộ đếm,Có ECEF tham chiếu RTCM1006,Điều kiện trong recordObservation và snapshot getter,Khởi tạo false/0,MQTT dùng nội bộ; không xuất nguyên toàn bộ snapshot,esp32-um982-lora-base/src/functions/BaseGnssRoleController.cpp:719; esp32-um982-lora-base/src/functions/BaseGnssRoleController.cpp:761,unknown,Chưa có log A2 để xác nhận thực tế; unknown không có nghĩa là thiếu triển khai.
observationValid,UM982,BaseGnssRoleController,Correction snapshot,bool,cờ hoặc bộ đếm,Đã ghi nhận observation local,Điều kiện trong recordObservation và snapshot getter,Khởi tạo false/0,MQTT dùng nội bộ; không xuất nguyên toàn bộ snapshot,esp32-um982-lora-base/src/functions/BaseGnssRoleController.cpp:534; esp32-um982-lora-base/src/functions/BaseGnssRoleController.cpp:761,unknown,Chưa có log A2 để xác nhận thực tế; unknown không có nghĩa là thiếu triển khai.
stableSamples,UM982,BaseGnssRoleController,Correction snapshot,uint8_t,cờ hoặc bộ đếm,Số mẫu đạt điều kiện liên tiếp; reset 0 khi lỗi,Điều kiện trong recordObservation và snapshot getter,Khởi tạo false/0,MQTT dùng nội bộ; không xuất nguyên toàn bộ snapshot,esp32-um982-lora-base/src/functions/BaseGnssRoleController.cpp:561; esp32-um982-lora-base/src/functions/BaseGnssRoleController.cpp:761,unknown,Chưa có log A2 để xác nhận thực tế; unknown không có nghĩa là thiếu triển khai.
correctionValid,UM982,BaseGnssRoleController,Correction snapshot,bool,cờ hoặc bộ đếm,Đủ warmup; kiểm tra thêm tuổi snapshot khi đọc,Điều kiện trong recordObservation và snapshot getter,Khởi tạo false/0,MQTT dùng nội bộ; không xuất nguyên toàn bộ snapshot,esp32-um982-lora-base/src/functions/BaseGnssRoleController.cpp:564; esp32-um982-lora-base/src/functions/BaseGnssRoleController.cpp:761,unknown,Chưa có log A2 để xác nhận thực tế; unknown không có nghĩa là thiếu triển khai.
gnssTimeMsOfDay,UM982,BaseGnssRoleController,Correction snapshot,uint32_t,ms,Thời gian GNSS observation correction,Điều kiện trong recordObservation và snapshot getter,Khởi tạo false/0,MQTT dùng nội bộ; không xuất nguyên toàn bộ snapshot,esp32-um982-lora-base/src/functions/BaseGnssRoleController.cpp:538; esp32-um982-lora-base/src/functions/BaseGnssRoleController.cpp:761,unknown,Chưa có log A2 để xác nhận thực tế; unknown không có nghĩa là thiếu triển khai.
observedAtMs,UM982,BaseGnssRoleController,Correction snapshot,uint32_t,ms,millis lúc ghi observation correction,Điều kiện trong recordObservation và snapshot getter,Khởi tạo false/0,MQTT dùng nội bộ; không xuất nguyên toàn bộ snapshot,esp32-um982-lora-base/src/functions/BaseGnssRoleController.cpp:539; esp32-um982-lora-base/src/functions/BaseGnssRoleController.cpp:761,unknown,Chưa có log A2 để xác nhận thực tế; unknown không có nghĩa là thiếu triển khai.
rover_mac,MQTT,Base NetworkMqttManager,BaseRoverEcefStatus / BaseEcefCorrectionSnapshot,string,MAC,MAC nguồn Rover,Luôn có trong payload,Không null,Python kiểm tra khớp MAC topic; ánh xạ rover_id,esp32-um982-lora-base/src/functions/NetworkMqttManager.cpp:935; bình sai/src/gnss_adjustment_cli/base_protocol.py:132,unknown,Chưa có log A2 để xác nhận thực tế; unknown không có nghĩa là thiếu triển khai.
sequence,MQTT,Base NetworkMqttManager,BaseRoverEcefStatus / BaseEcefCorrectionSnapshot,number (uint32),số thứ tự,Số thứ tự Rover,Có snapshot được publish,Không null,Observation.sequence; event_id; SQLite,esp32-um982-lora-base/src/functions/NetworkMqttManager.cpp:935; bình sai/src/gnss_adjustment_cli/base_protocol.py:132,unknown,Chưa có log A2 để xác nhận thực tế; unknown không có nghĩa là thiếu triển khai.
gnss_time_ms,MQTT,Base NetworkMqttManager,BaseRoverEcefStatus / BaseEcefCorrectionSnapshot,number (uint32),ms trong ngày,Thời gian GGA; không chứa ngày,Có snapshot được publish,Không null,Python timestamp_utc dạng chuỗi và event_id,esp32-um982-lora-base/src/functions/NetworkMqttManager.cpp:936; bình sai/src/gnss_adjustment_cli/base_protocol.py:132,unknown,Cần ngày UTC để định danh epoch qua nhiều ngày. Chưa có log A2 để xác nhận thực tế; unknown không có nghĩa là thiếu triển khai.
fix_quality,MQTT,Base NetworkMqttManager,BaseRoverEcefStatus / BaseEcefCorrectionSnapshot,number (uint8),mã GGA,Chất lượng fix Rover,Có snapshot; không bắt buộc FIX để publish raw,Không null,Python 4 → FIX; còn lại → INVALID,esp32-um982-lora-base/src/functions/NetworkMqttManager.cpp:936; bình sai/src/gnss_adjustment_cli/base_protocol.py:132,unknown,Chưa có log A2 để xác nhận thực tế; unknown không có nghĩa là thiếu triển khai.
correction_valid,MQTT,Base NetworkMqttManager,BaseRoverEcefStatus / BaseEcefCorrectionSnapshot,boolean,boolean,"Correction snapshot hợp lệ và Rover FIX, temp active, khác temp MAC, đúng stream, gần epoch GNSS",Biểu thức tại 877..885,FALSE,Python lọc temp-base; SQLite payload_json,esp32-um982-lora-base/src/functions/NetworkMqttManager.cpp:938; bình sai/src/gnss_adjustment_cli/base_protocol.py:132,unknown,Chưa có log A2 để xác nhận thực tế; unknown không có nghĩa là thiếu triển khai.
via_relay,MQTT,Base NetworkMqttManager,BaseRoverEcefStatus / BaseEcefCorrectionSnapshot,boolean,boolean,Snapshot qua Relay,Có snapshot,false nếu trực tiếp,Python bỏ qua; SQLite không lưu,esp32-um982-lora-base/src/functions/NetworkMqttManager.cpp:940; bình sai/src/gnss_adjustment_cli/base_protocol.py:132,unknown,Chưa có log A2 để xác nhận thực tế; unknown không có nghĩa là thiếu triển khai.
relay_mac,MQTT,Base NetworkMqttManager,BaseRoverEcefStatus / BaseEcefCorrectionSnapshot,string,MAC,MAC Relay,Có ý nghĩa khi via_relay=true,Chuỗi rỗng nếu trực tiếp,Python bỏ qua; SQLite không lưu,esp32-um982-lora-base/src/functions/NetworkMqttManager.cpp:941; bình sai/src/gnss_adjustment_cli/base_protocol.py:132,unknown,Chưa có log A2 để xác nhận thực tế; unknown không có nghĩa là thiếu triển khai.
rtcm_source,MQTT,Base NetworkMqttManager,BaseRoverEcefStatus / BaseEcefCorrectionSnapshot,string,enum,temp_base nếu usesTempBase; còn lại local_base,Trạng thái Base gán lúc nhận,Không null,Python chọn from_point và raw/corrected,esp32-um982-lora-base/src/functions/NetworkMqttManager.cpp:941; bình sai/src/gnss_adjustment_cli/base_protocol.py:132,unknown,Chưa có log A2 để xác nhận thực tế; unknown không có nghĩa là thiếu triển khai.
temp_base_mac,MQTT,Base NetworkMqttManager,BaseRoverEcefStatus / BaseEcefCorrectionSnapshot,string|null,MAC,MAC Temporary Base,usesTempBase=true,null,Python ánh xạ from_point; SQLite giữ,esp32-um982-lora-base/src/functions/NetworkMqttManager.cpp:942; bình sai/src/gnss_adjustment_cli/base_protocol.py:132,unknown,Chưa có log A2 để xác nhận thực tế; unknown không có nghĩa là thiếu triển khai.
rtcm_source_epoch,MQTT,Base NetworkMqttManager,BaseRoverEcefStatus / BaseEcefCorrectionSnapshot,number (uint32),epoch,Epoch trạng thái Base lúc nhận mẫu,Có snapshot,Không null; Python thiếu thì 0,Chỉ ghép event_id; không cột độc lập SQLite,esp32-um982-lora-base/src/functions/NetworkMqttManager.cpp:942; bình sai/src/gnss_adjustment_cli/base_protocol.py:132,unknown,Chưa có log A2 để xác nhận thực tế; unknown không có nghĩa là thiếu triển khai.
correction_stream_id,MQTT,Base NetworkMqttManager,BaseRoverEcefStatus / BaseEcefCorrectionSnapshot,number (uint16),ID,Stream ID từ Rover packet,Có snapshot,Không null; Python thiếu thì 0,Chỉ ghép event_id; không cột độc lập SQLite,esp32-um982-lora-base/src/functions/NetworkMqttManager.cpp:943; bình sai/src/gnss_adjustment_cli/base_protocol.py:132,unknown,Chưa có log A2 để xác nhận thực tế; unknown không có nghĩa là thiếu triển khai.
source_age_ms,MQTT,Base NetworkMqttManager,BaseRoverEcefStatus / BaseEcefCorrectionSnapshot,number (uint32),ms,now - receivedAtMs tại Base; không phải tuổi GNSS end-to-end,Có snapshot,Không null,Observation.source_age_ms → SQLite,esp32-um982-lora-base/src/functions/NetworkMqttManager.cpp:943; bình sai/src/gnss_adjustment_cli/base_protocol.py:132,unknown,Chưa có log A2 để xác nhận thực tế; unknown không có nghĩa là thiếu triển khai.
correction_age_ms,MQTT,Base NetworkMqttManager,BaseRoverEcefStatus / BaseEcefCorrectionSnapshot,number (uint32),ms,now - correction.observedAtMs,observationValid=true để tuổi có nghĩa,0 nếu chưa có observation; cũng có thể là tuổi 0 thật,Python bỏ qua; SQLite không lưu,esp32-um982-lora-base/src/functions/NetworkMqttManager.cpp:944; bình sai/src/gnss_adjustment_cli/base_protocol.py:132,unknown,Chưa có log A2 để xác nhận thực tế; unknown không có nghĩa là thiếu triển khai.
ecef_raw_m.x,MQTT,Base NetworkMqttManager,Rover ECEF scaled,JSON number,m,ECEF Rover trước cộng correction,ecef_raw_m luôn có; hai nhóm còn lại chỉ khi correction_valid=true,Không null,Python chọn theo nguồn → delta_xyz; không lưu tọa độ gốc,esp32-um982-lora-base/src/functions/NetworkMqttManager.cpp:937; bình sai/src/gnss_adjustment_cli/base_protocol.py:138,unknown,Điểm quy chiếu ARP/anten chưa xác minh; không kết luận đây là baseline. Chưa có log A2 để xác nhận thực tế; unknown không có nghĩa là thiếu triển khai.
ecef_raw_m.y,MQTT,Base NetworkMqttManager,Rover ECEF scaled,JSON number,m,ECEF Rover trước cộng correction,ecef_raw_m luôn có; hai nhóm còn lại chỉ khi correction_valid=true,Không null,Python chọn theo nguồn → delta_xyz; không lưu tọa độ gốc,esp32-um982-lora-base/src/functions/NetworkMqttManager.cpp:937; bình sai/src/gnss_adjustment_cli/base_protocol.py:138,unknown,Điểm quy chiếu ARP/anten chưa xác minh; không kết luận đây là baseline. Chưa có log A2 để xác nhận thực tế; unknown không có nghĩa là thiếu triển khai.
ecef_raw_m.z,MQTT,Base NetworkMqttManager,Rover ECEF scaled,JSON number,m,ECEF Rover trước cộng correction,ecef_raw_m luôn có; hai nhóm còn lại chỉ khi correction_valid=true,Không null,Python chọn theo nguồn → delta_xyz; không lưu tọa độ gốc,esp32-um982-lora-base/src/functions/NetworkMqttManager.cpp:937; bình sai/src/gnss_adjustment_cli/base_protocol.py:138,unknown,Điểm quy chiếu ARP/anten chưa xác minh; không kết luận đây là baseline. Chưa có log A2 để xác nhận thực tế; unknown không có nghĩa là thiếu triển khai.
correction_ecef_m.dx,MQTT,Base NetworkMqttManager,reference - observed tại local Base,JSON number,m,Thành phần dịch chuyển correction của Base,ecef_raw_m luôn có; hai nhóm còn lại chỉ khi correction_valid=true,Toàn object cha null khi correction invalid,Python bỏ qua; SQLite không lưu,esp32-um982-lora-base/src/functions/NetworkMqttManager.cpp:922; bình sai/src/gnss_adjustment_cli/base_protocol.py:138,unknown,Điểm quy chiếu ARP/anten chưa xác minh; không kết luận đây là baseline. Chưa có log A2 để xác nhận thực tế; unknown không có nghĩa là thiếu triển khai.
correction_ecef_m.dy,MQTT,Base NetworkMqttManager,reference - observed tại local Base,JSON number,m,Thành phần dịch chuyển correction của Base,ecef_raw_m luôn có; hai nhóm còn lại chỉ khi correction_valid=true,Toàn object cha null khi correction invalid,Python bỏ qua; SQLite không lưu,esp32-um982-lora-base/src/functions/NetworkMqttManager.cpp:922; bình sai/src/gnss_adjustment_cli/base_protocol.py:138,unknown,Điểm quy chiếu ARP/anten chưa xác minh; không kết luận đây là baseline. Chưa có log A2 để xác nhận thực tế; unknown không có nghĩa là thiếu triển khai.
correction_ecef_m.dz,MQTT,Base NetworkMqttManager,reference - observed tại local Base,JSON number,m,Thành phần dịch chuyển correction của Base,ecef_raw_m luôn có; hai nhóm còn lại chỉ khi correction_valid=true,Toàn object cha null khi correction invalid,Python bỏ qua; SQLite không lưu,esp32-um982-lora-base/src/functions/NetworkMqttManager.cpp:922; bình sai/src/gnss_adjustment_cli/base_protocol.py:138,unknown,Điểm quy chiếu ARP/anten chưa xác minh; không kết luận đây là baseline. Chưa có log A2 để xác nhận thực tế; unknown không có nghĩa là thiếu triển khai.
ecef_corrected_m.x,MQTT,Base NetworkMqttManager,Rover raw + correction delta,JSON number,m,ECEF raw cộng correction,ecef_raw_m luôn có; hai nhóm còn lại chỉ khi correction_valid=true,Toàn object cha null khi correction invalid,Python chọn theo nguồn → delta_xyz; không lưu tọa độ gốc,esp32-um982-lora-base/src/functions/NetworkMqttManager.cpp:928; bình sai/src/gnss_adjustment_cli/base_protocol.py:138,unknown,Điểm quy chiếu ARP/anten chưa xác minh; không kết luận đây là baseline. Chưa có log A2 để xác nhận thực tế; unknown không có nghĩa là thiếu triển khai.
ecef_corrected_m.y,MQTT,Base NetworkMqttManager,Rover raw + correction delta,JSON number,m,ECEF raw cộng correction,ecef_raw_m luôn có; hai nhóm còn lại chỉ khi correction_valid=true,Toàn object cha null khi correction invalid,Python chọn theo nguồn → delta_xyz; không lưu tọa độ gốc,esp32-um982-lora-base/src/functions/NetworkMqttManager.cpp:928; bình sai/src/gnss_adjustment_cli/base_protocol.py:138,unknown,Điểm quy chiếu ARP/anten chưa xác minh; không kết luận đây là baseline. Chưa có log A2 để xác nhận thực tế; unknown không có nghĩa là thiếu triển khai.
ecef_corrected_m.z,MQTT,Base NetworkMqttManager,Rover raw + correction delta,JSON number,m,ECEF raw cộng correction,ecef_raw_m luôn có; hai nhóm còn lại chỉ khi correction_valid=true,Toàn object cha null khi correction invalid,Python chọn theo nguồn → delta_xyz; không lưu tọa độ gốc,esp32-um982-lora-base/src/functions/NetworkMqttManager.cpp:928; bình sai/src/gnss_adjustment_cli/base_protocol.py:138,unknown,Điểm quy chiếu ARP/anten chưa xác minh; không kết luận đây là baseline. Chưa có log A2 để xác nhận thực tế; unknown không có nghĩa là thiếu triển khai.
satellites,MQTT,Chưa có trong ECEF publisher,Rover GGA satellites,chưa có trong payload,vệ tinh,Có nguồn tại Rover nhưng thiếu trong packet ECEF và MQTT Base,Cần mở rộng truyền từ Rover,Bỏ trường,Python adapter hiện gán None,esp32-um982-lora/include/DataStructs.h:11; esp32-um982-lora-base/include/RtcmEspNowProtocol.h:88; esp32-um982-lora-base/src/functions/NetworkMqttManager.cpp:935; bình sai/src/gnss_adjustment_cli/base_protocol.py:184,can_add,Có cần đưa satellites qua toàn chuỗi ở giai đoạn B?
run_id,Python,BaseFirmwareAdapter.parse_ecef,MQTT ECEF + cấu hình adapter,str,ID,run_id của phiên gọi adapter,"Topic/MAC hợp lệ; local dùng raw; temp cần correction_valid, MAC đã ánh xạ, corrected và không tự đo chính nó",Thiếu bắt buộc: exception hoặc bỏ observation,SQLite cột run_id,bình sai/src/gnss_adjustment_cli/base_protocol.py:174,unknown,Chưa có log A2 để xác nhận thực tế; unknown không có nghĩa là thiếu triển khai.
event_id,Python,BaseFirmwareAdapter.parse_ecef,MQTT ECEF + cấu hình adapter,str,ID,base topic MAC:rover MAC:sequence:gnss_ms:source_epoch:stream_id,"Topic/MAC hợp lệ; local dùng raw; temp cần correction_valid, MAC đã ánh xạ, corrected và không tự đo chính nó",Thiếu bắt buộc: exception hoặc bỏ observation,SQLite khóa chính; INSERT OR IGNORE,bình sai/src/gnss_adjustment_cli/base_protocol.py:175,unknown,Chưa có log A2 để xác nhận thực tế; unknown không có nghĩa là thiếu triển khai.
sequence,Python,BaseFirmwareAdapter.parse_ecef,MQTT ECEF + cấu hình adapter,int,số thứ tự,int(sequence MQTT),"Topic/MAC hợp lệ; local dùng raw; temp cần correction_valid, MAC đã ánh xạ, corrected và không tự đo chính nó",Thiếu bắt buộc: exception hoặc bỏ observation,SQLite sequence,bình sai/src/gnss_adjustment_cli/base_protocol.py:176,unknown,Chưa có log A2 để xác nhận thực tế; unknown không có nghĩa là thiếu triển khai.
base_id,Python,BaseFirmwareAdapter.parse_ecef,MQTT ECEF + cấu hình adapter,str,ID điểm,Luôn self.base_point kể cả temp-base,"Topic/MAC hợp lệ; local dùng raw; temp cần correction_valid, MAC đã ánh xạ, corrected và không tự đo chính nó",Thiếu bắt buộc: exception hoặc bỏ observation,Không lưu riêng trong SQLite,bình sai/src/gnss_adjustment_cli/base_protocol.py:177,unknown,Chưa có log A2 để xác nhận thực tế; unknown không có nghĩa là thiếu triển khai.
rover_id,Python,BaseFirmwareAdapter.parse_ecef,MQTT ECEF + cấu hình adapter,str,ID điểm,point_by_rover_mac[payload_mac],"Topic/MAC hợp lệ; local dùng raw; temp cần correction_valid, MAC đã ánh xạ, corrected và không tự đo chính nó",Thiếu bắt buộc: exception hoặc bỏ observation,SQLite rover_id,bình sai/src/gnss_adjustment_cli/base_protocol.py:178,unknown,Chưa có log A2 để xác nhận thực tế; unknown không có nghĩa là thiếu triển khai.
timestamp_utc,Python,BaseFirmwareAdapter.parse_ecef,MQTT ECEF + cấu hình adapter,str,nhãn thời gian,gnss-ms-of-day:<ms>; không phải UTC đầy đủ,"Topic/MAC hợp lệ; local dùng raw; temp cần correction_valid, MAC đã ánh xạ, corrected và không tự đo chính nó",Thiếu bắt buộc: exception hoặc bỏ observation,Không lưu riêng; GNSS ms nằm trong event_id,bình sai/src/gnss_adjustment_cli/base_protocol.py:179,unknown,Ngày và múi thời gian phiên thực tế lấy ở đâu? Chưa có log A2 để xác nhận thực tế; unknown không có nghĩa là thiếu triển khai.
from_point,Python,BaseFirmwareAdapter.parse_ecef,MQTT ECEF + cấu hình adapter,str,ID điểm,Base local hoặc điểm ứng với temp_base_mac,"Topic/MAC hợp lệ; local dùng raw; temp cần correction_valid, MAC đã ánh xạ, corrected và không tự đo chính nó",Thiếu bắt buộc: exception hoặc bỏ observation,SQLite payload_json.from_point,bình sai/src/gnss_adjustment_cli/base_protocol.py:180,unknown,Chưa có log A2 để xác nhận thực tế; unknown không có nghĩa là thiếu triển khai.
to_point,Python,BaseFirmwareAdapter.parse_ecef,MQTT ECEF + cấu hình adapter,str,ID điểm,Điểm ứng với MAC Rover,"Topic/MAC hợp lệ; local dùng raw; temp cần correction_valid, MAC đã ánh xạ, corrected và không tự đo chính nó",Thiếu bắt buộc: exception hoặc bỏ observation,SQLite payload_json.to_point,bình sai/src/gnss_adjustment_cli/base_protocol.py:181,unknown,Chưa có log A2 để xác nhận thực tế; unknown không có nghĩa là thiếu triển khai.
delta_xyz,Python,BaseFirmwareAdapter.parse_ecef,MQTT ECEF + cấu hình adapter,"tuple[float,float,float]",m,coordinate - approximate_points[from_point],"Topic/MAC hợp lệ; local dùng raw; temp cần correction_valid, MAC đã ánh xạ, corrected và không tự đo chính nó",Thiếu bắt buộc: exception hoặc bỏ observation,SQLite payload_json.delta_xyz,bình sai/src/gnss_adjustment_cli/base_protocol.py:182,unknown,"approximate_points là tọa độ loại gì, lấy từ đâu? Chưa xác minh phép trừ là baseline đúng. Chưa có log A2 để xác nhận thực tế; unknown không có nghĩa là thiếu triển khai."
fix_type,Python,BaseFirmwareAdapter.parse_ecef,MQTT ECEF + cấu hình adapter,str,trạng thái,fix_quality=4 → FIX; mọi mã khác → INVALID,"Topic/MAC hợp lệ; local dùng raw; temp cần correction_valid, MAC đã ánh xạ, corrected và không tự đo chính nó",Thiếu bắt buộc: exception hoặc bỏ observation,SQLite payload_json.fix_type,bình sai/src/gnss_adjustment_cli/base_protocol.py:183,unknown,Chưa có log A2 để xác nhận thực tế; unknown không có nghĩa là thiếu triển khai.
satellites,Python,BaseFirmwareAdapter.parse_ecef,MQTT ECEF + cấu hình adapter,None,vệ tinh,Adapter luôn gán None,"Topic/MAC hợp lệ; local dùng raw; temp cần correction_valid, MAC đã ánh xạ, corrected và không tự đo chính nó",None luôn,SQLite payload_json.satellites=null,bình sai/src/gnss_adjustment_cli/base_protocol.py:184,unknown,Chưa có log A2 để xác nhận thực tế; unknown không có nghĩa là thiếu triển khai.
ratio,Python,BaseFirmwareAdapter.parse_ecef,MQTT ECEF + cấu hình adapter,None,unknown,Adapter luôn gán None; chưa có ratio trong MQTT ECEF,"Topic/MAC hợp lệ; local dùng raw; temp cần correction_valid, MAC đã ánh xạ, corrected và không tự đo chính nó",None luôn,SQLite payload_json.ratio=null,bình sai/src/gnss_adjustment_cli/base_protocol.py:185,unknown,Chưa có log A2 để xác nhận thực tế; unknown không có nghĩa là thiếu triển khai.
rtcm_source,Python,BaseFirmwareAdapter.parse_ecef,MQTT ECEF + cấu hình adapter,str,enum,Giữ nguồn MQTT hợp lệ,"Topic/MAC hợp lệ; local dùng raw; temp cần correction_valid, MAC đã ánh xạ, corrected và không tự đo chính nó",Thiếu bắt buộc: exception hoặc bỏ observation,SQLite payload_json.rtcm_source,bình sai/src/gnss_adjustment_cli/base_protocol.py:186,unknown,Chưa có log A2 để xác nhận thực tế; unknown không có nghĩa là thiếu triển khai.
temp_base_mac,Python,BaseFirmwareAdapter.parse_ecef,MQTT ECEF + cấu hình adapter,str|None,MAC,Chuẩn hóa dạng có dấu hai chấm,"Topic/MAC hợp lệ; local dùng raw; temp cần correction_valid, MAC đã ánh xạ, corrected và không tự đo chính nó",None khi thiếu,SQLite payload_json.temp_base_mac,bình sai/src/gnss_adjustment_cli/base_protocol.py:187,unknown,Chưa có log A2 để xác nhận thực tế; unknown không có nghĩa là thiếu triển khai.
correction_valid,Python,BaseFirmwareAdapter.parse_ecef,MQTT ECEF + cấu hình adapter,bool,boolean,"bool(document.get(...,False))","Topic/MAC hợp lệ; local dùng raw; temp cần correction_valid, MAC đã ánh xạ, corrected và không tự đo chính nó",Thiếu bắt buộc: exception hoặc bỏ observation,SQLite payload_json.correction_valid,bình sai/src/gnss_adjustment_cli/base_protocol.py:188,unknown,Chưa có log A2 để xác nhận thực tế; unknown không có nghĩa là thiếu triển khai.
source_age_ms,Python,BaseFirmwareAdapter.parse_ecef,MQTT ECEF + cấu hình adapter,int|None,ms,Ép int nếu MQTT có giá trị khác null,"Topic/MAC hợp lệ; local dùng raw; temp cần correction_valid, MAC đã ánh xạ, corrected và không tự đo chính nó",None khi thiếu,SQLite payload_json.source_age_ms,bình sai/src/gnss_adjustment_cli/base_protocol.py:189,unknown,Chưa có log A2 để xác nhận thực tế; unknown không có nghĩa là thiếu triển khai.
event_id,SQLite,SQLiteStore.save_observations,Observation,TEXT PRIMARY KEY,ID / JSON / số thứ tự,Cột observations.event_id,save_observations được gọi,NOT NULL; event_id trùng bị INSERT OR IGNORE,SQLite observations,bình sai/src/gnss_adjustment_cli/storage.py:26; bình sai/src/gnss_adjustment_cli/storage.py:54,unknown,Chưa có log A2 để xác nhận thực tế; unknown không có nghĩa là thiếu triển khai.
run_id,SQLite,SQLiteStore.save_observations,Observation,TEXT NOT NULL,ID / JSON / số thứ tự,Cột observations.run_id,save_observations được gọi,NOT NULL; event_id trùng bị INSERT OR IGNORE,SQLite observations,bình sai/src/gnss_adjustment_cli/storage.py:27; bình sai/src/gnss_adjustment_cli/storage.py:54,unknown,Chưa có log A2 để xác nhận thực tế; unknown không có nghĩa là thiếu triển khai.
sequence,SQLite,SQLiteStore.save_observations,Observation,INTEGER NOT NULL,ID / JSON / số thứ tự,Cột observations.sequence,save_observations được gọi,NOT NULL; event_id trùng bị INSERT OR IGNORE,SQLite observations,bình sai/src/gnss_adjustment_cli/storage.py:28; bình sai/src/gnss_adjustment_cli/storage.py:54,unknown,Chưa có log A2 để xác nhận thực tế; unknown không có nghĩa là thiếu triển khai.
rover_id,SQLite,SQLiteStore.save_observations,Observation,TEXT NOT NULL,ID / JSON / số thứ tự,Cột observations.rover_id,save_observations được gọi,NOT NULL; event_id trùng bị INSERT OR IGNORE,SQLite observations,bình sai/src/gnss_adjustment_cli/storage.py:29; bình sai/src/gnss_adjustment_cli/storage.py:54,unknown,Chưa có log A2 để xác nhận thực tế; unknown không có nghĩa là thiếu triển khai.
payload_json,SQLite,SQLiteStore.save_observations,Observation,TEXT NOT NULL,ID / JSON / số thứ tự,Cột observations.payload_json; JSON dựng lại từ Observation; không phải payload MQTT gốc,save_observations được gọi,NOT NULL; event_id trùng bị INSERT OR IGNORE,SQLite observations,bình sai/src/gnss_adjustment_cli/storage.py:30; bình sai/src/gnss_adjustment_cli/storage.py:54,unknown,Chưa có log A2 để xác nhận thực tế; unknown không có nghĩa là thiếu triển khai.
payload_json.from_point,SQLite,SQLiteStore.save_observations,Observation.from_point,JSON string,ID điểm,Lưu row.from_point vào JSON; satellites/ratio null trên đường BaseFirmwareAdapter,save_observations được gọi,None → JSON null,SQLite observations.payload_json,bình sai/src/gnss_adjustment_cli/storage.py:65,unknown,Chưa có log A2 để xác nhận thực tế; unknown không có nghĩa là thiếu triển khai.
payload_json.to_point,SQLite,SQLiteStore.save_observations,Observation.to_point,JSON string,ID điểm,Lưu row.to_point vào JSON; satellites/ratio null trên đường BaseFirmwareAdapter,save_observations được gọi,None → JSON null,SQLite observations.payload_json,bình sai/src/gnss_adjustment_cli/storage.py:66,unknown,Chưa có log A2 để xác nhận thực tế; unknown không có nghĩa là thiếu triển khai.
payload_json.delta_xyz,SQLite,SQLiteStore.save_observations,Observation.delta_xyz,JSON array[number],m,Lưu row.delta_xyz vào JSON; satellites/ratio null trên đường BaseFirmwareAdapter,save_observations được gọi,None → JSON null,SQLite observations.payload_json,bình sai/src/gnss_adjustment_cli/storage.py:67,unknown,Chỉ giữ hiệu sau phép trừ approximate_points; không thể tái dựng raw và correction từ riêng dòng này. Chưa có log A2 để xác nhận thực tế; unknown không có nghĩa là thiếu triển khai.
payload_json.fix_type,SQLite,SQLiteStore.save_observations,Observation.fix_type,JSON string,trạng thái,Lưu row.fix_type vào JSON; satellites/ratio null trên đường BaseFirmwareAdapter,save_observations được gọi,None → JSON null,SQLite observations.payload_json,bình sai/src/gnss_adjustment_cli/storage.py:68,unknown,Chưa có log A2 để xác nhận thực tế; unknown không có nghĩa là thiếu triển khai.
payload_json.satellites,SQLite,SQLiteStore.save_observations,Observation.satellites,JSON null,vệ tinh,Lưu row.satellites vào JSON; satellites/ratio null trên đường BaseFirmwareAdapter,save_observations được gọi,None → JSON null,SQLite observations.payload_json,bình sai/src/gnss_adjustment_cli/storage.py:69,unknown,Chưa có log A2 để xác nhận thực tế; unknown không có nghĩa là thiếu triển khai.
payload_json.ratio,SQLite,SQLiteStore.save_observations,Observation.ratio,JSON null,unknown,Lưu row.ratio vào JSON; satellites/ratio null trên đường BaseFirmwareAdapter,save_observations được gọi,None → JSON null,SQLite observations.payload_json,bình sai/src/gnss_adjustment_cli/storage.py:70,unknown,Chưa có log A2 để xác nhận thực tế; unknown không có nghĩa là thiếu triển khai.
payload_json.rtcm_source,SQLite,SQLiteStore.save_observations,Observation.rtcm_source,JSON string|null,enum,Lưu row.rtcm_source vào JSON; satellites/ratio null trên đường BaseFirmwareAdapter,save_observations được gọi,None → JSON null,SQLite observations.payload_json,bình sai/src/gnss_adjustment_cli/storage.py:71,unknown,Chưa có log A2 để xác nhận thực tế; unknown không có nghĩa là thiếu triển khai.
payload_json.temp_base_mac,SQLite,SQLiteStore.save_observations,Observation.temp_base_mac,JSON string|null,MAC,Lưu row.temp_base_mac vào JSON; satellites/ratio null trên đường BaseFirmwareAdapter,save_observations được gọi,None → JSON null,SQLite observations.payload_json,bình sai/src/gnss_adjustment_cli/storage.py:72,unknown,Chưa có log A2 để xác nhận thực tế; unknown không có nghĩa là thiếu triển khai.
payload_json.correction_valid,SQLite,SQLiteStore.save_observations,Observation.correction_valid,JSON boolean,boolean,Lưu row.correction_valid vào JSON; satellites/ratio null trên đường BaseFirmwareAdapter,save_observations được gọi,None → JSON null,SQLite observations.payload_json,bình sai/src/gnss_adjustment_cli/storage.py:73,unknown,Chưa có log A2 để xác nhận thực tế; unknown không có nghĩa là thiếu triển khai.
payload_json.source_age_ms,SQLite,SQLiteStore.save_observations,Observation.source_age_ms,JSON number|null,ms,Lưu row.source_age_ms vào JSON; satellites/ratio null trên đường BaseFirmwareAdapter,save_observations được gọi,None → JSON null,SQLite observations.payload_json,bình sai/src/gnss_adjustment_cli/storage.py:74,unknown,Chưa có log A2 để xác nhận thực tế; unknown không có nghĩa là thiếu triển khai.
message.payload,Python,MQTTTransport._on_message,MQTT callback,bytes,không áp dụng,Bytes MQTT gốc có tại callback nhưng không được lưu,Callback nhận message,Không có bản ghi lưu trữ,Bị mất sau callback trên đường hiện tại,bình sai/src/gnss_adjustment_cli/mqtt_transport.py:48; bình sai/src/gnss_adjustment_cli/mqtt_transport.py:64,can_add,Có log MQTT nguyên bản độc lập để bổ sung A2 không?
message.topic,Python,MQTTTransport._on_message,MQTT callback,string / exception,không áp dụng,Topic dùng định tuyến và kiểm tra MAC; không lưu nguyên topic,Callback nhận message,Không có bản ghi lưu trữ,Bị mất sau callback trên đường hiện tại,bình sai/src/gnss_adjustment_cli/mqtt_transport.py:48; bình sai/src/gnss_adjustment_cli/mqtt_transport.py:64,can_add,Có log MQTT nguyên bản độc lập để bổ sung A2 không?
parse_error,Python,MQTTTransport._on_message,MQTT callback,string / exception,không áp dụng,ValueError/KeyError/TypeError/UnicodeDecodeError bị catch và return; không lưu lý do,Callback nhận message,Không có bản ghi lưu trữ,Bị mất sau callback trên đường hiện tại,bình sai/src/gnss_adjustment_cli/mqtt_transport.py:48; bình sai/src/gnss_adjustment_cli/mqtt_transport.py:64,can_add,Có log MQTT nguyên bản độc lập để bổ sung A2 không?
transaction_id,MQTT,Base command-result publisher,BaseGnssCommandResultEvent / local coordinate result,number,ID,ID giao dịch,Có pending result; publish thành công,Không null,Python CommandResult.payload giữ toàn dict; storage.py không có bảng command-result,esp32-um982-lora-base/src/functions/NetworkMqttManager.cpp:1111; esp32-um982-lora-base/src/functions/NetworkMqttManager.cpp:1045; bình sai/src/gnss_adjustment_cli/base_protocol.py:68,unknown,Chưa có log A2 để xác nhận thực tế; unknown không có nghĩa là thiếu triển khai.
target_mac,MQTT,Base command-result publisher,BaseGnssCommandResultEvent / local coordinate result,string,MAC,MAC đích lệnh Rover,Có pending result; publish thành công,Không có trong kết quả local-coordinate,Python CommandResult.payload giữ toàn dict; storage.py không có bảng command-result,esp32-um982-lora-base/src/functions/NetworkMqttManager.cpp:1111; esp32-um982-lora-base/src/functions/NetworkMqttManager.cpp:1045; bình sai/src/gnss_adjustment_cli/base_protocol.py:68,unknown,Chưa có log A2 để xác nhận thực tế; unknown không có nghĩa là thiếu triển khai.
action,MQTT,Base command-result publisher,BaseGnssCommandResultEvent / local coordinate result,string,tên lệnh,Hành động của kết quả,Có pending result; publish thành công,Không null,Python CommandResult.payload giữ toàn dict; storage.py không có bảng command-result,esp32-um982-lora-base/src/functions/NetworkMqttManager.cpp:1112; esp32-um982-lora-base/src/functions/NetworkMqttManager.cpp:1045; bình sai/src/gnss_adjustment_cli/base_protocol.py:68,unknown,Chưa có log A2 để xác nhận thực tế; unknown không có nghĩa là thiếu triển khai.
status,MQTT,Base command-result publisher,BaseGnssCommandResultEvent / local coordinate result,string,trạng thái,verified/rejected/uart_error/busy/response_timeout/unknown cho GNSS command,Có pending result; publish thành công,Không null,Python CommandResult.payload giữ toàn dict; storage.py không có bảng command-result,esp32-um982-lora-base/src/functions/NetworkMqttManager.cpp:1112; esp32-um982-lora-base/src/functions/NetworkMqttManager.cpp:1045; bình sai/src/gnss_adjustment_cli/base_protocol.py:68,unknown,Chưa có log A2 để xác nhận thực tế; unknown không có nghĩa là thiếu triển khai.
completed_step,MQTT,Base command-result publisher,BaseGnssCommandResultEvent / local coordinate result,number,bước,Bước đã hoàn thành,Có pending result; publish thành công,Không có trong local-coordinate,Python CommandResult.payload giữ toàn dict; storage.py không có bảng command-result,esp32-um982-lora-base/src/functions/NetworkMqttManager.cpp:1113; esp32-um982-lora-base/src/functions/NetworkMqttManager.cpp:1045; bình sai/src/gnss_adjustment_cli/base_protocol.py:68,unknown,Chưa có log A2 để xác nhận thực tế; unknown không có nghĩa là thiếu triển khai.
total_steps,MQTT,Base command-result publisher,BaseGnssCommandResultEvent / local coordinate result,number,bước,Tổng số bước,Có pending result; publish thành công,Không có trong local-coordinate,Python CommandResult.payload giữ toàn dict; storage.py không có bảng command-result,esp32-um982-lora-base/src/functions/NetworkMqttManager.cpp:1113; esp32-um982-lora-base/src/functions/NetworkMqttManager.cpp:1045; bình sai/src/gnss_adjustment_cli/base_protocol.py:68,unknown,Chưa có log A2 để xác nhận thực tế; unknown không có nghĩa là thiếu triển khai.
detail_code,MQTT,Base command-result publisher,BaseGnssCommandResultEvent / local coordinate result,number,mã lỗi,Chi tiết từ GNSS command result,Có pending result; publish thành công,Không có trong local-coordinate,Python CommandResult.payload giữ toàn dict; storage.py không có bảng command-result,esp32-um982-lora-base/src/functions/NetworkMqttManager.cpp:1114; esp32-um982-lora-base/src/functions/NetworkMqttManager.cpp:1045; bình sai/src/gnss_adjustment_cli/base_protocol.py:68,unknown,Chưa có log A2 để xác nhận thực tế; unknown không có nghĩa là thiếu triển khai.
result_age_ms,MQTT,Base command-result publisher,BaseGnssCommandResultEvent / local coordinate result,number,ms,now - receivedAtMs; local-coordinate dùng completedAtMs,Có pending result; publish thành công,Không null,Python CommandResult.payload giữ toàn dict; storage.py không có bảng command-result,esp32-um982-lora-base/src/functions/NetworkMqttManager.cpp:1114; esp32-um982-lora-base/src/functions/NetworkMqttManager.cpp:1045; bình sai/src/gnss_adjustment_cli/base_protocol.py:68,unknown,Chưa có log A2 để xác nhận thực tế; unknown không có nghĩa là thiếu triển khai.
ecef_m.x,MQTT,Base command-result publisher,Tọa độ trong kết quả lệnh,JSON number,m,Tọa độ lệnh fixed; không phải observation mới,switch_to_base_fixed_ecef hoặc local SetFixed,object ecef_m=null cho lệnh khác,Python CommandResult.payload,esp32-um982-lora-base/src/functions/NetworkMqttManager.cpp:1090; esp32-um982-lora-base/src/functions/NetworkMqttManager.cpp:1019,unknown,Chưa có log A2 để xác nhận thực tế; unknown không có nghĩa là thiếu triển khai.
ecef_m.y,MQTT,Base command-result publisher,Tọa độ trong kết quả lệnh,JSON number,m,Tọa độ lệnh fixed; không phải observation mới,switch_to_base_fixed_ecef hoặc local SetFixed,object ecef_m=null cho lệnh khác,Python CommandResult.payload,esp32-um982-lora-base/src/functions/NetworkMqttManager.cpp:1090; esp32-um982-lora-base/src/functions/NetworkMqttManager.cpp:1019,unknown,Chưa có log A2 để xác nhận thực tế; unknown không có nghĩa là thiếu triển khai.
ecef_m.z,MQTT,Base command-result publisher,Tọa độ trong kết quả lệnh,JSON number,m,Tọa độ lệnh fixed; không phải observation mới,switch_to_base_fixed_ecef hoặc local SetFixed,object ecef_m=null cho lệnh khác,Python CommandResult.payload,esp32-um982-lora-base/src/functions/NetworkMqttManager.cpp:1090; esp32-um982-lora-base/src/functions/NetworkMqttManager.cpp:1019,unknown,Chưa có log A2 để xác nhận thực tế; unknown không có nghĩa là thiếu triển khai.
window_ms,MQTT,publishOnlineRoverResult,BaseOnlineRoverStatus,number,ms,Cửa sổ xác định Rover online,Phản hồi get_online_rovers,Không null,Python CommandResult.payload,esp32-um982-lora-base/src/functions/NetworkMqttManager.cpp:1167,unknown,Chưa có log A2 để xác nhận thực tế; unknown không có nghĩa là thiếu triển khai.
total_online,MQTT,publishOnlineRoverResult,BaseOnlineRoverStatus,number,ID / số đếm / trạng thái,Tổng Rover online,Phản hồi get_online_rovers,0 nếu không có,Python CommandResult.payload,esp32-um982-lora-base/src/functions/NetworkMqttManager.cpp:1168,unknown,Chưa có log A2 để xác nhận thực tế; unknown không có nghĩa là thiếu triển khai.
chunk_index,MQTT,publishOnlineRoverResult,BaseOnlineRoverStatus,number,ID / số đếm / trạng thái,Chỉ số chunk bắt đầu 0,Phản hồi get_online_rovers,Không null,Python CommandResult.payload,esp32-um982-lora-base/src/functions/NetworkMqttManager.cpp:1169,unknown,Chưa có log A2 để xác nhận thực tế; unknown không có nghĩa là thiếu triển khai.
chunk_count,MQTT,publishOnlineRoverResult,BaseOnlineRoverStatus,number,ID / số đếm / trạng thái,Số chunk; ít nhất 1,Phản hồi get_online_rovers,Không null,Python CommandResult.payload,esp32-um982-lora-base/src/functions/NetworkMqttManager.cpp:1170,unknown,Chưa có log A2 để xác nhận thực tế; unknown không có nghĩa là thiếu triển khai.
rovers[].mac,MQTT,publishOnlineRoverResult,BaseOnlineRoverStatus,string,ID / số đếm / trạng thái,MAC Rover,Phản hồi get_online_rovers,rovers=[] nếu không có,Python CommandResult.payload,esp32-um982-lora-base/src/functions/NetworkMqttManager.cpp:1182,unknown,Chưa có log A2 để xác nhận thực tế; unknown không có nghĩa là thiếu triển khai.
rovers[].via_relay,MQTT,publishOnlineRoverResult,BaseOnlineRoverStatus,boolean,ID / số đếm / trạng thái,Qua Relay,Phản hồi get_online_rovers,false nếu trực tiếp,Python CommandResult.payload,esp32-um982-lora-base/src/functions/NetworkMqttManager.cpp:1183,unknown,Chưa có log A2 để xác nhận thực tế; unknown không có nghĩa là thiếu triển khai.
rovers[].relay_mac,MQTT,publishOnlineRoverResult,BaseOnlineRoverStatus,string|null,ID / số đếm / trạng thái,MAC Relay,Phản hồi get_online_rovers,null nếu trực tiếp,Python CommandResult.payload,esp32-um982-lora-base/src/functions/NetworkMqttManager.cpp:1191,unknown,Chưa có log A2 để xác nhận thực tế; unknown không có nghĩa là thiếu triển khai.
rovers[].fix_quality,MQTT,publishOnlineRoverResult,BaseOnlineRoverStatus,number|null,ID / số đếm / trạng thái,Fix quality gần nhất,Phản hồi get_online_rovers,null khi chưa có,Python CommandResult.payload,esp32-um982-lora-base/src/functions/NetworkMqttManager.cpp:1196,unknown,Chưa có log A2 để xác nhận thực tế; unknown không có nghĩa là thiếu triển khai.
rovers[].fix_quality_age_ms,MQTT,publishOnlineRoverResult,BaseOnlineRoverStatus,number|null,ms,Tuổi thông tin fix tại Base,Phản hồi get_online_rovers,null khi chưa có,Python CommandResult.payload,esp32-um982-lora-base/src/functions/NetworkMqttManager.cpp:1197,unknown,Chưa có log A2 để xác nhận thực tế; unknown không có nghĩa là thiếu triển khai.
rovers[].correction_stream_id,MQTT,publishOnlineRoverResult,BaseOnlineRoverStatus,number|null,ID / số đếm / trạng thái,Stream gắn snapshot fix,Phản hồi get_online_rovers,null khi chưa có,Python CommandResult.payload,esp32-um982-lora-base/src/functions/NetworkMqttManager.cpp:1199,unknown,Chưa có log A2 để xác nhận thực tế; unknown không có nghĩa là thiếu triển khai.
rovers[].last_rtcm_ack_age_ms,MQTT,publishOnlineRoverResult,BaseOnlineRoverStatus,number,ms,Tuổi ACK RTCM tại Base,Phản hồi get_online_rovers,Không null trong item,Python CommandResult.payload,esp32-um982-lora-base/src/functions/NetworkMqttManager.cpp:1206,unknown,Chưa có log A2 để xác nhận thực tế; unknown không có nghĩa là thiếu triển khai.
status (payload text),MQTT,Base MQTT connect/publish,Kết nối MQTT,string,trạng thái,online khi connect; offline qua Last Will; không phải JSON,Kết nối / broker phát Will,Không quy định null,Python on_status nếu có callback,esp32-um982-lora-base/src/functions/NetworkMqttManager.cpp:776; esp32-um982-lora-base/src/functions/NetworkMqttManager.cpp:785; bình sai/src/gnss_adjustment_cli/mqtt_transport.py:50,unknown,Chưa có log A2 để xác nhận thực tế; unknown không có nghĩa là thiếu triển khai.
action,MQTT,MQTT command client,Lệnh JSON,string,tên lệnh,Tên hành động điều khiển Base,Theo action và kiểm tra parser,Thiếu → chuỗi rỗng và reject,Base queue/UM982; command-result,esp32-um982-lora-base/src/functions/NetworkMqttManager.cpp:442,unknown,Chưa có log A2 để xác nhận thực tế; unknown không có nghĩa là thiếu triển khai.
transaction_id,MQTT,MQTT command client,Lệnh JSON,uint32 JSON,ID,Local/query bắt buộc khác 0; lệnh Rover thiếu/0 được sinh esp_random,Theo action và kiểm tra parser,0 hoặc bỏ trường tùy action,Base queue/UM982; command-result,esp32-um982-lora-base/src/functions/NetworkMqttManager.cpp:473,unknown,Chưa có log A2 để xác nhận thực tế; unknown không có nghĩa là thiếu triển khai.
target_mac,MQTT,MQTT command client,Lệnh JSON,string,MAC,MAC đích; bắt buộc fixed ECEF,Theo action và kiểm tra parser,Thiếu xử lý tùy action,Base queue/UM982; command-result,esp32-um982-lora-base/src/functions/NetworkMqttManager.cpp:530,unknown,Chưa có log A2 để xác nhận thực tế; unknown không có nghĩa là thiếu triển khai.
fix_timeout_s,MQTT,MQTT command client,Lệnh JSON,number,s,Thời gian chờ FIX cho chuyển fixed Base,Theo action và kiểm tra parser,Dùng giá trị mặc định cấu hình,Base queue/UM982; command-result,esp32-um982-lora-base/src/functions/NetworkMqttManager.cpp:578,unknown,Chưa có log A2 để xác nhận thực tế; unknown không có nghĩa là thiếu triển khai.
coordinate_system,MQTT,MQTT command client,Lệnh JSON,string,enum,ecef hoặc llh cho local coordinates,Theo action và kiểm tra parser,Thiếu → chuỗi rỗng; reject,Base queue/UM982; command-result,esp32-um982-lora-base/src/functions/NetworkMqttManager.cpp:289,unknown,Chưa có log A2 để xác nhận thực tế; unknown không có nghĩa là thiếu triển khai.
llh.latitude_deg,MQTT,MQTT command client,Lệnh JSON,number,độ,Vĩ độ local Base cấu hình,Theo action và kiểm tra parser,Thiếu/không hữu hạn → reject,Base queue/UM982; command-result,esp32-um982-lora-base/src/functions/NetworkMqttManager.cpp:321,unknown,Chưa có log A2 để xác nhận thực tế; unknown không có nghĩa là thiếu triển khai.
llh.longitude_deg,MQTT,MQTT command client,Lệnh JSON,number,độ,Kinh độ local Base cấu hình,Theo action và kiểm tra parser,Thiếu/không hữu hạn → reject,Base queue/UM982; command-result,esp32-um982-lora-base/src/functions/NetworkMqttManager.cpp:322,unknown,Chưa có log A2 để xác nhận thực tế; unknown không có nghĩa là thiếu triển khai.
llh.ellipsoid_height_m,MQTT,MQTT command client,Lệnh JSON,number,m,Cao ellipsoid local Base cấu hình,Theo action và kiểm tra parser,Thiếu/không hữu hạn → reject,Base queue/UM982; command-result,esp32-um982-lora-base/src/functions/NetworkMqttManager.cpp:323,unknown,Chưa có log A2 để xác nhận thực tế; unknown không có nghĩa là thiếu triển khai.
ecef_m.x,MQTT,MQTT command client,set_local_base_coordinates,JSON number,m,Thành phần ECEF local Base cấu hình,coordinate_system=ecef; finite và qua kiểm tra,Thiếu → reject,Local Base command queue,esp32-um982-lora-base/src/functions/NetworkMqttManager.cpp:294,unknown,Tọa độ cấu hình có cùng điểm quy chiếu với RTCM1006 không? Chưa có log A2 để xác nhận thực tế; unknown không có nghĩa là thiếu triển khai.
ecef_m.y,MQTT,MQTT command client,set_local_base_coordinates,JSON number,m,Thành phần ECEF local Base cấu hình,coordinate_system=ecef; finite và qua kiểm tra,Thiếu → reject,Local Base command queue,esp32-um982-lora-base/src/functions/NetworkMqttManager.cpp:294,unknown,Tọa độ cấu hình có cùng điểm quy chiếu với RTCM1006 không? Chưa có log A2 để xác nhận thực tế; unknown không có nghĩa là thiếu triển khai.
ecef_m.z,MQTT,MQTT command client,set_local_base_coordinates,JSON number,m,Thành phần ECEF local Base cấu hình,coordinate_system=ecef; finite và qua kiểm tra,Thiếu → reject,Local Base command queue,esp32-um982-lora-base/src/functions/NetworkMqttManager.cpp:294,unknown,Tọa độ cấu hình có cùng điểm quy chiếu với RTCM1006 không? Chưa có log A2 để xác nhận thực tế; unknown không có nghĩa là thiếu triển khai.
